id.exposure,id.outcome,outcome,exposure,method,nsnp,b,se,pval,analysis_type,icon.exposure,icon.outcome
ieu-a-1187,ukb-b-6519,Worry,Depression,Inverse variance weighted,33,0.092800285,0.015610785,2.77E-09,Network,https://www.morenostok.io/epicons/gen3/mh_depression2.png,https://www.morenostok.io/epicons/gen3/mh_anxiety2.png
ieu-a-1187,ukb-b-5779,Alcohol,Depression,Inverse variance weighted,33,0.028674729,0.049404317,0.561638573,Network,https://www.morenostok.io/epicons/gen3/mh_depression2.png,https://www.morenostok.io/epicons/gen3/drinking.png
ieu-a-1187,ieu-a-961,Smoking,Depression,Inverse variance weighted,27,-0.534173811,0.546254965,0.328131861,Network,https://www.morenostok.io/epicons/gen3/mh_depression2.png,https://www.morenostok.io/epicons/gen3/smoking.png
ieu-a-1187,ieu-a-1239,Education,Depression,Inverse variance weighted,32,0.041229269,0.037299896,0.269009938,Network,https://www.morenostok.io/epicons/gen3/mh_depression2.png,https://www.morenostok.io/epicons/gen3/education_schoolYears.png
ieu-a-1187,ukb-b-19953,BMI,Depression,Inverse variance weighted,33,0.014402331,0.045280649,0.750433266,Network,https://www.morenostok.io/epicons/gen3/mh_depression2.png,https://www.morenostok.io/epicons/gen3/bmi.png
ieu-a-1187,ukb-b-5238,Intelligence,Depression,Inverse variance weighted,33,0.039890217,0.116370229,0.731758608,Network,https://www.morenostok.io/epicons/gen3/mh_depression2.png,https://www.morenostok.io/epicons/gen3/intelligence.png
ieu-a-1187,ieu-a-1018,Wellbeing,Depression,Inverse variance weighted,27,-0.112098692,0.028688531,9.33E-05,Network,https://www.morenostok.io/epicons/gen3/mh_depression2.png,https://www.morenostok.io/epicons/gen3/wellbeing2_alt.png
ieu-a-1187,ukb-b-8476,Loneliness,Depression,Inverse variance weighted,33,0.051390675,0.007412852,4.13E-12,Network,https://www.morenostok.io/epicons/gen3/mh_depression2.png,https://www.morenostok.io/epicons/gen3/social_loneliness.png
ieu-a-1187,ukb-b-3957,Sleeplessness,Depression,Inverse variance weighted,33,0.088357897,0.019794448,8.05E-06,Network,https://www.morenostok.io/epicons/gen3/mh_depression2.png,https://www.morenostok.io/epicons/gen3/sleep_insomnia.png
ieu-a-1187,ukb-b-4956,Eveningness,Depression,Inverse variance weighted,33,0.002676425,0.031974275,0.933290537,Network,https://www.morenostok.io/epicons/gen3/mh_depression2.png,https://www.morenostok.io/epicons/gen3/eveningness.png
ieu-a-1187,ukb-b-4710,Exercise,Depression,Inverse variance weighted,33,0.038067112,0.045202708,0.399708313,Network,https://www.morenostok.io/epicons/gen3/mh_depression2.png,https://www.morenostok.io/epicons/gen3/exercise_bike.png
ieu-a-1187,ukb-b-5076,Not socialising,Depression,Inverse variance weighted,33,0.000794845,0.010182893,0.937782822,Network,https://www.morenostok.io/epicons/gen3/mh_depression2.png,https://www.morenostok.io/epicons/gen3/social_chatBubble.png
ieu-a-1187,ieu-a-118,Neuroticism,Depression,Inverse variance weighted,33,0.160294413,0.036653866,1.22E-05,Network,https://www.morenostok.io/epicons/gen3/mh_depression2.png,https://www.morenostok.io/epicons/gen3/mh_ocd2.png
ieu-a-1187,ukb-b-5237,Coffee intake,Depression,Inverse variance weighted,33,-0.003786494,0.016893428,0.822648303,Network,https://www.morenostok.io/epicons/gen3/mh_depression2.png,https://www.morenostok.io/epicons/gen3/caffeine.png
ieu-a-1187,ieu-a-24,Diabetes,Depression,Inverse variance weighted,4,0.210212887,0.426936519,0.622454239,Network,https://www.morenostok.io/epicons/gen3/mh_depression2.png,https://www.morenostok.io/epicons/gen3/diabetes.png
ieu-a-1187,ieu-a-7,CHD,Depression,Inverse variance weighted,33,0.076499569,0.065628202,0.243755645,Network,https://www.morenostok.io/epicons/gen3/mh_depression2.png,https://www.morenostok.io/epicons/gen3/chd_alt.png
ukb-b-6519,ieu-a-1187,Depression,Worry,Inverse variance weighted,5,2.218120882,1.086954389,0.04128312,Network,https://www.morenostok.io/epicons/gen3/mh_anxiety2.png,https://www.morenostok.io/epicons/gen3/mh_depression2.png
ukb-b-6519,ukb-b-5779,Alcohol,Worry,Inverse variance weighted,64,0.29126971,0.132739563,0.028214236,Network,https://www.morenostok.io/epicons/gen3/mh_anxiety2.png,https://www.morenostok.io/epicons/gen3/drinking.png
ukb-b-6519,ieu-a-961,Smoking,Worry,Inverse variance weighted,48,-1.325545711,1.8040546,0.46248616,Network,https://www.morenostok.io/epicons/gen3/mh_anxiety2.png,https://www.morenostok.io/epicons/gen3/smoking.png
ukb-b-6519,ieu-a-1239,Education,Worry,Inverse variance weighted,60,-0.078055527,0.104017094,0.453007463,Network,https://www.morenostok.io/epicons/gen3/mh_anxiety2.png,https://www.morenostok.io/epicons/gen3/education_schoolYears.png
ukb-b-6519,ukb-b-19953,BMI,Worry,Inverse variance weighted,64,-0.549791981,0.166724753,0.00097514,Network,https://www.morenostok.io/epicons/gen3/mh_anxiety2.png,https://www.morenostok.io/epicons/gen3/bmi.png
ukb-b-6519,ukb-b-5238,Intelligence,Worry,Inverse variance weighted,64,-1.014491354,0.311493188,0.001126499,Network,https://www.morenostok.io/epicons/gen3/mh_anxiety2.png,https://www.morenostok.io/epicons/gen3/intelligence.png
ukb-b-6519,ieu-a-1018,Wellbeing,Worry,Inverse variance weighted,47,-0.411089571,0.078303032,1.52E-07,Network,https://www.morenostok.io/epicons/gen3/mh_anxiety2.png,https://www.morenostok.io/epicons/gen3/wellbeing2_alt.png
ukb-b-6519,ukb-b-8476,Loneliness,Worry,Inverse variance weighted,64,0.187065925,0.024393285,1.74E-14,Network,https://www.morenostok.io/epicons/gen3/mh_anxiety2.png,https://www.morenostok.io/epicons/gen3/social_loneliness.png
ukb-b-6519,ukb-b-3957,Sleeplessness,Worry,Inverse variance weighted,64,0.362839861,0.049551376,2.43E-13,Network,https://www.morenostok.io/epicons/gen3/mh_anxiety2.png,https://www.morenostok.io/epicons/gen3/sleep_insomnia.png
ukb-b-6519,ukb-b-4956,Eveningness,Worry,Inverse variance weighted,64,-0.047856781,0.078496666,0.542082801,Network,https://www.morenostok.io/epicons/gen3/mh_anxiety2.png,https://www.morenostok.io/epicons/gen3/eveningness.png
ukb-b-6519,ukb-b-4710,Exercise,Worry,Inverse variance weighted,64,0.38046834,0.169100858,0.024452171,Network,https://www.morenostok.io/epicons/gen3/mh_anxiety2.png,https://www.morenostok.io/epicons/gen3/exercise_bike.png
ukb-b-6519,ukb-b-5076,Not socialising,Worry,Inverse variance weighted,64,-0.007324469,0.031976129,0.818821861,Network,https://www.morenostok.io/epicons/gen3/mh_anxiety2.png,https://www.morenostok.io/epicons/gen3/social_chatBubble.png
ukb-b-6519,ieu-a-118,Neuroticism,Worry,Inverse variance weighted,48,0.767011475,0.130499623,4.17E-09,Network,https://www.morenostok.io/epicons/gen3/mh_anxiety2.png,https://www.morenostok.io/epicons/gen3/mh_ocd2.png
ukb-b-6519,ukb-b-5237,Coffee intake,Worry,Inverse variance weighted,64,-0.159627909,0.066480043,0.016344069,Network,https://www.morenostok.io/epicons/gen3/mh_anxiety2.png,https://www.morenostok.io/epicons/gen3/caffeine.png
ukb-b-6519,ieu-a-24,Diabetes,Worry,Inverse variance weighted,11,-0.333359753,1.029637165,0.746116488,Network,https://www.morenostok.io/epicons/gen3/mh_anxiety2.png,https://www.morenostok.io/epicons/gen3/diabetes.png
ukb-b-6519,ieu-a-7,CHD,Worry,Inverse variance weighted,59,-0.157175535,0.25503718,0.537706576,Network,https://www.morenostok.io/epicons/gen3/mh_anxiety2.png,https://www.morenostok.io/epicons/gen3/chd_alt.png
ukb-b-5779,ieu-a-1187,Depression,Alcohol,Wald ratio,1,0.762508024,0.245747071,0.001916886,Network,https://www.morenostok.io/epicons/gen3/drinking.png,https://www.morenostok.io/epicons/gen3/mh_depression2.png
ukb-b-5779,ukb-b-6519,Worry,Alcohol,Inverse variance weighted,99,0.007671783,0.010614699,0.469832976,Network,https://www.morenostok.io/epicons/gen3/drinking.png,https://www.morenostok.io/epicons/gen3/mh_anxiety2.png
ukb-b-5779,ieu-a-961,Smoking,Alcohol,Inverse variance weighted,67,0.98183081,0.494297092,0.046998116,Network,https://www.morenostok.io/epicons/gen3/drinking.png,https://www.morenostok.io/epicons/gen3/smoking.png
ukb-b-5779,ieu-a-1239,Education,Alcohol,Inverse variance weighted,95,-0.19472278,0.028487799,8.18E-12,Network,https://www.morenostok.io/epicons/gen3/drinking.png,https://www.morenostok.io/epicons/gen3/education_schoolYears.png
ukb-b-5779,ukb-b-19953,BMI,Alcohol,Inverse variance weighted,99,0.215436583,0.051581057,2.96E-05,Network,https://www.morenostok.io/epicons/gen3/drinking.png,https://www.morenostok.io/epicons/gen3/bmi.png
ukb-b-5779,ukb-b-5238,Intelligence,Alcohol,Inverse variance weighted,99,-0.485908143,0.077235208,3.15E-10,Network,https://www.morenostok.io/epicons/gen3/drinking.png,https://www.morenostok.io/epicons/gen3/intelligence.png
ukb-b-5779,ieu-a-1018,Wellbeing,Alcohol,Inverse variance weighted,65,-0.018442897,0.028916743,0.523608416,Network,https://www.morenostok.io/epicons/gen3/drinking.png,https://www.morenostok.io/epicons/gen3/wellbeing2_alt.png
ukb-b-5779,ukb-b-8476,Loneliness,Alcohol,Inverse variance weighted,99,0.026303005,0.005734891,4.51E-06,Network,https://www.morenostok.io/epicons/gen3/drinking.png,https://www.morenostok.io/epicons/gen3/social_loneliness.png
ukb-b-5779,ukb-b-3957,Sleeplessness,Alcohol,Inverse variance weighted,99,0.008435577,0.012257503,0.491328722,Network,https://www.morenostok.io/epicons/gen3/drinking.png,https://www.morenostok.io/epicons/gen3/sleep_insomnia.png
ukb-b-5779,ukb-b-4956,Eveningness,Alcohol,Inverse variance weighted,99,-0.087828748,0.021344382,3.87E-05,Network,https://www.morenostok.io/epicons/gen3/drinking.png,https://www.morenostok.io/epicons/gen3/eveningness.png
ukb-b-5779,ukb-b-4710,Exercise,Alcohol,Inverse variance weighted,99,0.036417663,0.038651955,0.346093016,Network,https://www.morenostok.io/epicons/gen3/drinking.png,https://www.morenostok.io/epicons/gen3/exercise_bike.png
ukb-b-5779,ukb-b-5076,Not socialising,Alcohol,Inverse variance weighted,99,0.074042036,0.006573918,2.00E-29,Network,https://www.morenostok.io/epicons/gen3/drinking.png,https://www.morenostok.io/epicons/gen3/social_chatBubble.png
ukb-b-5779,ieu-a-118,Neuroticism,Alcohol,Inverse variance weighted,88,-0.025778123,0.031883169,0.418792328,Network,https://www.morenostok.io/epicons/gen3/drinking.png,https://www.morenostok.io/epicons/gen3/mh_ocd2.png
ukb-b-5779,ukb-b-5237,Coffee intake,Alcohol,Inverse variance weighted,99,-0.063118745,0.018471385,0.000632898,Network,https://www.morenostok.io/epicons/gen3/drinking.png,https://www.morenostok.io/epicons/gen3/caffeine.png
ukb-b-5779,ieu-a-24,Diabetes,Alcohol,Inverse variance weighted,22,0.231474789,0.342502831,0.499146545,Network,https://www.morenostok.io/epicons/gen3/drinking.png,https://www.morenostok.io/epicons/gen3/diabetes.png
ukb-b-5779,ieu-a-7,CHD,Alcohol,Inverse variance weighted,93,0.076435165,0.081514374,0.348404048,Network,https://www.morenostok.io/epicons/gen3/drinking.png,https://www.morenostok.io/epicons/gen3/chd_alt.png
ieu-a-961,ukb-b-6519,Worry,Smoking,Wald ratio,1,0.000833828,0.001032115,0.419158137,Network,https://www.morenostok.io/epicons/gen3/smoking.png,https://www.morenostok.io/epicons/gen3/mh_anxiety2.png
ieu-a-961,ukb-b-5779,Alcohol,Smoking,Wald ratio,1,0.002994968,0.003046888,0.325627273,Network,https://www.morenostok.io/epicons/gen3/smoking.png,https://www.morenostok.io/epicons/gen3/drinking.png
ieu-a-961,ieu-a-1239,Education,Smoking,Wald ratio,1,0.000713239,0.001709819,0.676573919,Network,https://www.morenostok.io/epicons/gen3/smoking.png,https://www.morenostok.io/epicons/gen3/education_schoolYears.png
ieu-a-961,ukb-b-19953,BMI,Smoking,Wald ratio,1,-0.004691275,0.00199235,0.018540444,Network,https://www.morenostok.io/epicons/gen3/smoking.png,https://www.morenostok.io/epicons/gen3/bmi.png
ieu-a-961,ukb-b-5238,Intelligence,Smoking,Wald ratio,1,-0.002347347,0.007625852,0.75822355,Network,https://www.morenostok.io/epicons/gen3/smoking.png,https://www.morenostok.io/epicons/gen3/intelligence.png
ieu-a-961,ieu-a-1018,Wellbeing,Smoking,Wald ratio,1,0.001603547,0.003207103,0.61707615,Network,https://www.morenostok.io/epicons/gen3/smoking.png,https://www.morenostok.io/epicons/gen3/wellbeing2_alt.png
ieu-a-961,ukb-b-8476,Loneliness,Smoking,Wald ratio,1,0.000460304,0.000808191,0.568983833,Network,https://www.morenostok.io/epicons/gen3/smoking.png,https://www.morenostok.io/epicons/gen3/social_loneliness.png
ieu-a-961,ukb-b-3957,Sleeplessness,Smoking,Wald ratio,1,-0.000920452,0.001493766,0.537765418,Network,https://www.morenostok.io/epicons/gen3/smoking.png,https://www.morenostok.io/epicons/gen3/sleep_insomnia.png
ieu-a-961,ukb-b-4956,Eveningness,Smoking,Wald ratio,1,0.004495203,0.002048149,0.028180527,Network,https://www.morenostok.io/epicons/gen3/smoking.png,https://www.morenostok.io/epicons/gen3/eveningness.png
ieu-a-961,ukb-b-4710,Exercise,Smoking,Wald ratio,1,-0.00263829,0.005002355,0.597909136,Network,https://www.morenostok.io/epicons/gen3/smoking.png,https://www.morenostok.io/epicons/gen3/exercise_bike.png
ieu-a-961,ukb-b-5076,Not socialising,Smoking,Wald ratio,1,0.000104834,0.000962167,0.913236964,Network,https://www.morenostok.io/epicons/gen3/smoking.png,https://www.morenostok.io/epicons/gen3/social_chatBubble.png
ieu-a-961,ieu-a-118,Neuroticism,Smoking,Wald ratio,1,0.001465559,0.00566683,0.795927918,Network,https://www.morenostok.io/epicons/gen3/smoking.png,https://www.morenostok.io/epicons/gen3/mh_ocd2.png
ieu-a-961,ukb-b-5237,Coffee intake,Smoking,Wald ratio,1,-0.001116961,0.001623283,0.491397384,Network,https://www.morenostok.io/epicons/gen3/smoking.png,https://www.morenostok.io/epicons/gen3/caffeine.png
ieu-a-961,ieu-a-24,Diabetes,Smoking,Wald ratio,1,-0.030828139,0.012047386,0.01050019,Network,https://www.morenostok.io/epicons/gen3/smoking.png,https://www.morenostok.io/epicons/gen3/diabetes.png
ieu-a-961,ieu-a-7,CHD,Smoking,Wald ratio,1,-0.016344895,0.009443771,0.083494707,Network,https://www.morenostok.io/epicons/gen3/smoking.png,https://www.morenostok.io/epicons/gen3/chd_alt.png
ieu-a-1239,ieu-a-1187,Depression,Education,Inverse variance weighted,5,-0.469608624,0.672800299,0.485182757,Network,https://www.morenostok.io/epicons/gen3/education_schoolYears.png,https://www.morenostok.io/epicons/gen3/mh_depression2.png
ieu-a-1239,ukb-b-6519,Worry,Education,Inverse variance weighted,309,-0.029571327,0.008893688,0.000884252,Network,https://www.morenostok.io/epicons/gen3/education_schoolYears.png,https://www.morenostok.io/epicons/gen3/mh_anxiety2.png
ieu-a-1239,ukb-b-5779,Alcohol,Education,Inverse variance weighted,309,-0.494513151,0.028006324,8.96E-70,Network,https://www.morenostok.io/epicons/gen3/education_schoolYears.png,https://www.morenostok.io/epicons/gen3/drinking.png
ieu-a-1239,ieu-a-961,Smoking,Education,Inverse variance weighted,243,-2.180782311,0.461081887,2.25E-06,Network,https://www.morenostok.io/epicons/gen3/education_schoolYears.png,https://www.morenostok.io/epicons/gen3/smoking.png
ieu-a-1239,ukb-b-19953,BMI,Education,Inverse variance weighted,309,-0.34611712,0.025898114,9.74E-41,Network,https://www.morenostok.io/epicons/gen3/education_schoolYears.png,https://www.morenostok.io/epicons/gen3/bmi.png
ieu-a-1239,ukb-b-5238,Intelligence,Education,Inverse variance weighted,309,1.690847752,0.058317941,7.92E-185,Network,https://www.morenostok.io/epicons/gen3/education_schoolYears.png,https://www.morenostok.io/epicons/gen3/intelligence.png
ieu-a-1239,ieu-a-1018,Wellbeing,Education,Inverse variance weighted,243,0.072577737,0.020736274,0.000465193,Network,https://www.morenostok.io/epicons/gen3/education_schoolYears.png,https://www.morenostok.io/epicons/gen3/wellbeing2_alt.png
ieu-a-1239,ukb-b-8476,Loneliness,Education,Inverse variance weighted,309,-0.057395909,0.005807104,4.90E-23,Network,https://www.morenostok.io/epicons/gen3/education_schoolYears.png,https://www.morenostok.io/epicons/gen3/social_loneliness.png
ieu-a-1239,ukb-b-3957,Sleeplessness,Education,Inverse variance weighted,309,-0.107349581,0.011585204,1.93E-20,Network,https://www.morenostok.io/epicons/gen3/education_schoolYears.png,https://www.morenostok.io/epicons/gen3/sleep_insomnia.png
ieu-a-1239,ukb-b-4956,Eveningness,Education,Inverse variance weighted,309,0.102033765,0.020155739,4.14E-07,Network,https://www.morenostok.io/epicons/gen3/education_schoolYears.png,https://www.morenostok.io/epicons/gen3/eveningness.png
ieu-a-1239,ukb-b-4710,Exercise,Education,Inverse variance weighted,309,-0.237204179,0.037893241,3.85E-10,Network,https://www.morenostok.io/epicons/gen3/education_schoolYears.png,https://www.morenostok.io/epicons/gen3/exercise_bike.png
ieu-a-1239,ukb-b-5076,Not socialising,Education,Inverse variance weighted,309,-0.117992583,0.006658141,2.86E-70,Network,https://www.morenostok.io/epicons/gen3/education_schoolYears.png,https://www.morenostok.io/epicons/gen3/social_chatBubble.png
ieu-a-1239,ieu-a-118,Neuroticism,Education,Inverse variance weighted,260,-0.173589147,0.029355802,3.35E-09,Network,https://www.morenostok.io/epicons/gen3/education_schoolYears.png,https://www.morenostok.io/epicons/gen3/mh_ocd2.png
ieu-a-1239,ukb-b-5237,Coffee intake,Education,Inverse variance weighted,309,0.097252376,0.01108342,1.72E-18,Network,https://www.morenostok.io/epicons/gen3/education_schoolYears.png,https://www.morenostok.io/epicons/gen3/caffeine.png
ieu-a-1239,ieu-a-24,Diabetes,Education,Inverse variance weighted,36,-0.310843673,0.157555521,0.048505232,Network,https://www.morenostok.io/epicons/gen3/education_schoolYears.png,https://www.morenostok.io/epicons/gen3/diabetes.png
ieu-a-1239,ieu-a-7,CHD,Education,Inverse variance weighted,303,-0.470568416,0.052568188,3.50E-19,Network,https://www.morenostok.io/epicons/gen3/education_schoolYears.png,https://www.morenostok.io/epicons/gen3/chd_alt.png
ukb-b-19953,ieu-a-1187,Depression,BMI,Inverse variance weighted,7,1.09586429,0.367002716,0.002826673,Network,https://www.morenostok.io/epicons/gen3/bmi.png,https://www.morenostok.io/epicons/gen3/mh_depression2.png
ukb-b-19953,ukb-b-6519,Worry,BMI,Inverse variance weighted,443,-0.041694374,0.005524401,4.44E-14,Network,https://www.morenostok.io/epicons/gen3/bmi.png,https://www.morenostok.io/epicons/gen3/mh_anxiety2.png
ukb-b-19953,ukb-b-5779,Alcohol,BMI,Inverse variance weighted,447,0.339398814,0.020821118,9.76E-60,Network,https://www.morenostok.io/epicons/gen3/bmi.png,https://www.morenostok.io/epicons/gen3/drinking.png
ukb-b-19953,ieu-a-961,Smoking,BMI,Inverse variance weighted,328,1.884789556,0.307089326,8.38E-10,Network,https://www.morenostok.io/epicons/gen3/bmi.png,https://www.morenostok.io/epicons/gen3/smoking.png
ukb-b-19953,ieu-a-1239,Education,BMI,Inverse variance weighted,433,-0.182283403,0.01400859,1.04E-38,Network,https://www.morenostok.io/epicons/gen3/bmi.png,https://www.morenostok.io/epicons/gen3/education_schoolYears.png
ukb-b-19953,ukb-b-5238,Intelligence,BMI,Inverse variance weighted,443,-0.293973612,0.043817154,1.96E-11,Network,https://www.morenostok.io/epicons/gen3/bmi.png,https://www.morenostok.io/epicons/gen3/intelligence.png
ukb-b-19953,ieu-a-1018,Wellbeing,BMI,Inverse variance weighted,325,-0.01616586,0.013178753,0.219950089,Network,https://www.morenostok.io/epicons/gen3/bmi.png,https://www.morenostok.io/epicons/gen3/wellbeing2_alt.png
ukb-b-19953,ukb-b-8476,Loneliness,BMI,Inverse variance weighted,443,0.03483345,0.003571435,1.78E-22,Network,https://www.morenostok.io/epicons/gen3/bmi.png,https://www.morenostok.io/epicons/gen3/social_loneliness.png
ukb-b-19953,ukb-b-3957,Sleeplessness,BMI,Inverse variance weighted,447,0.027090612,0.007612568,0.000372738,Network,https://www.morenostok.io/epicons/gen3/bmi.png,https://www.morenostok.io/epicons/gen3/sleep_insomnia.png
ukb-b-19953,ukb-b-4956,Eveningness,BMI,Inverse variance weighted,447,0.034523766,0.01355461,0.01086494,Network,https://www.morenostok.io/epicons/gen3/bmi.png,https://www.morenostok.io/epicons/gen3/eveningness.png
ukb-b-19953,ukb-b-4710,Exercise,BMI,Inverse variance weighted,447,-0.074726532,0.020325281,0.000236427,Network,https://www.morenostok.io/epicons/gen3/bmi.png,https://www.morenostok.io/epicons/gen3/exercise_bike.png
ukb-b-19953,ukb-b-5076,Not socialising,BMI,Inverse variance weighted,443,0.032569083,0.004143956,3.86E-15,Network,https://www.morenostok.io/epicons/gen3/bmi.png,https://www.morenostok.io/epicons/gen3/social_chatBubble.png
ukb-b-19953,ieu-a-118,Neuroticism,BMI,Inverse variance weighted,372,0.002868164,0.020110777,0.886591689,Network,https://www.morenostok.io/epicons/gen3/bmi.png,https://www.morenostok.io/epicons/gen3/mh_ocd2.png
ukb-b-19953,ukb-b-5237,Coffee intake,BMI,Inverse variance weighted,447,0.113122999,0.00781537,1.76E-47,Network,https://www.morenostok.io/epicons/gen3/bmi.png,https://www.morenostok.io/epicons/gen3/caffeine.png
ukb-b-19953,ieu-a-24,Diabetes,BMI,Inverse variance weighted,47,1.025993414,0.122018899,4.15E-17,Network,https://www.morenostok.io/epicons/gen3/bmi.png,https://www.morenostok.io/epicons/gen3/diabetes.png
ukb-b-19953,ieu-a-7,CHD,BMI,Inverse variance weighted,425,0.415070823,0.036875924,2.17E-29,Network,https://www.morenostok.io/epicons/gen3/bmi.png,https://www.morenostok.io/epicons/gen3/chd_alt.png
ukb-b-5238,ieu-a-1187,Depression,Intelligence,Inverse variance weighted,5,-0.0090214,0.196364057,0.963356307,Network,https://www.morenostok.io/epicons/gen3/intelligence.png,https://www.morenostok.io/epicons/gen3/mh_depression2.png
ukb-b-5238,ukb-b-6519,Worry,Intelligence,Inverse variance weighted,77,-0.007663085,0.005201494,0.140684484,Network,https://www.morenostok.io/epicons/gen3/intelligence.png,https://www.morenostok.io/epicons/gen3/mh_anxiety2.png
ukb-b-5238,ukb-b-5779,Alcohol,Intelligence,Inverse variance weighted,77,-0.102014252,0.019007431,8.00E-08,Network,https://www.morenostok.io/epicons/gen3/intelligence.png,https://www.morenostok.io/epicons/gen3/drinking.png
ukb-b-5238,ieu-a-961,Smoking,Intelligence,Inverse variance weighted,55,-0.360132295,0.254455411,0.156978768,Network,https://www.morenostok.io/epicons/gen3/intelligence.png,https://www.morenostok.io/epicons/gen3/smoking.png
ukb-b-5238,ieu-a-1239,Education,Intelligence,Inverse variance weighted,74,0.185334422,0.012104068,6.38E-53,Network,https://www.morenostok.io/epicons/gen3/intelligence.png,https://www.morenostok.io/epicons/gen3/education_schoolYears.png
ukb-b-5238,ukb-b-19953,BMI,Intelligence,Inverse variance weighted,77,-0.067820726,0.021123111,0.001323956,Network,https://www.morenostok.io/epicons/gen3/intelligence.png,https://www.morenostok.io/epicons/gen3/bmi.png
ukb-b-5238,ieu-a-1018,Wellbeing,Intelligence,Inverse variance weighted,56,0.008512825,0.012398759,0.492343122,Network,https://www.morenostok.io/epicons/gen3/intelligence.png,https://www.morenostok.io/epicons/gen3/wellbeing2_alt.png
ukb-b-5238,ukb-b-8476,Loneliness,Intelligence,Inverse variance weighted,77,-0.012741235,0.003438323,0.000210846,Network,https://www.morenostok.io/epicons/gen3/intelligence.png,https://www.morenostok.io/epicons/gen3/social_loneliness.png
ukb-b-5238,ukb-b-3957,Sleeplessness,Intelligence,Inverse variance weighted,77,-0.017012213,0.00642103,0.008062234,Network,https://www.morenostok.io/epicons/gen3/intelligence.png,https://www.morenostok.io/epicons/gen3/sleep_insomnia.png
ukb-b-5238,ukb-b-4956,Eveningness,Intelligence,Inverse variance weighted,77,0.023519989,0.011101936,0.034128648,Network,https://www.morenostok.io/epicons/gen3/intelligence.png,https://www.morenostok.io/epicons/gen3/eveningness.png
ukb-b-5238,ukb-b-4710,Exercise,Intelligence,Inverse variance weighted,77,-0.115472639,0.020511495,1.81E-08,Network,https://www.morenostok.io/epicons/gen3/intelligence.png,https://www.morenostok.io/epicons/gen3/exercise_bike.png
ukb-b-5238,ukb-b-5076,Not socialising,Intelligence,Inverse variance weighted,77,-0.02052727,0.003829051,8.28E-08,Network,https://www.morenostok.io/epicons/gen3/intelligence.png,https://www.morenostok.io/epicons/gen3/social_chatBubble.png
ukb-b-5238,ieu-a-118,Neuroticism,Intelligence,Inverse variance weighted,69,-0.01756908,0.016515428,0.287420199,Network,https://www.morenostok.io/epicons/gen3/intelligence.png,https://www.morenostok.io/epicons/gen3/mh_ocd2.png
ukb-b-5238,ukb-b-5237,Coffee intake,Intelligence,Inverse variance weighted,77,0.03267658,0.006090057,8.07E-08,Network,https://www.morenostok.io/epicons/gen3/intelligence.png,https://www.morenostok.io/epicons/gen3/caffeine.png
ukb-b-5238,ieu-a-24,Diabetes,Intelligence,Inverse variance weighted,4,0.012756503,0.216030896,0.952912729,Network,https://www.morenostok.io/epicons/gen3/intelligence.png,https://www.morenostok.io/epicons/gen3/diabetes.png
ukb-b-5238,ieu-a-7,CHD,Intelligence,Inverse variance weighted,75,-0.119537869,0.030011256,6.80E-05,Network,https://www.morenostok.io/epicons/gen3/intelligence.png,https://www.morenostok.io/epicons/gen3/chd_alt.png
ieu-a-1018,ukb-b-6519,Worry,Wellbeing,Inverse variance weighted,3,-0.055443904,0.037601075,0.140339014,Network,https://www.morenostok.io/epicons/gen3/wellbeing2_alt.png,https://www.morenostok.io/epicons/gen3/mh_anxiety2.png
ieu-a-1018,ukb-b-5779,Alcohol,Wellbeing,Inverse variance weighted,3,-0.19719453,0.110990908,0.075622085,Network,https://www.morenostok.io/epicons/gen3/wellbeing2_alt.png,https://www.morenostok.io/epicons/gen3/drinking.png
ieu-a-1018,ieu-a-961,Smoking,Wellbeing,Inverse variance weighted,3,-1.598960507,3.588197582,0.655874197,Network,https://www.morenostok.io/epicons/gen3/wellbeing2_alt.png,https://www.morenostok.io/epicons/gen3/smoking.png
ieu-a-1018,ieu-a-1239,Education,Wellbeing,Inverse variance weighted,3,-0.173718669,0.17073045,0.308914418,Network,https://www.morenostok.io/epicons/gen3/wellbeing2_alt.png,https://www.morenostok.io/epicons/gen3/education_schoolYears.png
ieu-a-1018,ukb-b-19953,BMI,Wellbeing,Inverse variance weighted,3,0.427791897,0.149574769,0.00423569,Network,https://www.morenostok.io/epicons/gen3/wellbeing2_alt.png,https://www.morenostok.io/epicons/gen3/bmi.png
ieu-a-1018,ukb-b-5238,Intelligence,Wellbeing,Inverse variance weighted,3,-0.908209144,0.769045479,0.237620063,Network,https://www.morenostok.io/epicons/gen3/wellbeing2_alt.png,https://www.morenostok.io/epicons/gen3/intelligence.png
ieu-a-1018,ukb-b-8476,Loneliness,Wellbeing,Inverse variance weighted,3,-0.162443829,0.081011136,0.044941275,Network,https://www.morenostok.io/epicons/gen3/wellbeing2_alt.png,https://www.morenostok.io/epicons/gen3/social_loneliness.png
ieu-a-1018,ukb-b-3957,Sleeplessness,Wellbeing,Inverse variance weighted,3,-0.064409803,0.054430426,0.236673682,Main,https://www.morenostok.io/epicons/gen3/wellbeing2_alt.png,https://www.morenostok.io/epicons/gen3/sleep_insomnia.png
ieu-a-1018,ukb-b-4956,Eveningness,Wellbeing,Inverse variance weighted,3,0.014028623,0.171424671,0.934777528,Replication,https://www.morenostok.io/epicons/gen3/wellbeing2_alt.png,https://www.morenostok.io/epicons/gen3/eveningness.png
ieu-a-1018,ukb-b-4710,Exercise,Wellbeing,Inverse variance weighted,3,-0.122211747,0.18225596,0.502507198,Network,https://www.morenostok.io/epicons/gen3/wellbeing2_alt.png,https://www.morenostok.io/epicons/gen3/exercise_bike.png
ieu-a-1018,ukb-b-5076,Not socialising,Wellbeing,Inverse variance weighted,3,-0.058975163,0.035056094,0.092509043,Network,https://www.morenostok.io/epicons/gen3/wellbeing2_alt.png,https://www.morenostok.io/epicons/gen3/social_chatBubble.png
ieu-a-1018,ieu-a-118,Neuroticism,Wellbeing,Inverse variance weighted,3,-0.341623796,0.217520015,0.116289631,Network,https://www.morenostok.io/epicons/gen3/wellbeing2_alt.png,https://www.morenostok.io/epicons/gen3/mh_ocd2.png
ieu-a-1018,ukb-b-5237,Coffee intake,Wellbeing,Inverse variance weighted,3,-0.04213939,0.115516119,0.715266455,Network,https://www.morenostok.io/epicons/gen3/wellbeing2_alt.png,https://www.morenostok.io/epicons/gen3/caffeine.png
ieu-a-1018,ieu-a-7,CHD,Wellbeing,Inverse variance weighted,3,0.403004603,0.353224944,0.253899446,Network,https://www.morenostok.io/epicons/gen3/wellbeing2_alt.png,https://www.morenostok.io/epicons/gen3/chd_alt.png
ukb-b-8476,ieu-a-1187,Depression,Loneliness,Inverse variance weighted,2,5.843146519,0.777796962,5.80E-14,Network,https://www.morenostok.io/epicons/gen3/social_loneliness.png,https://www.morenostok.io/epicons/gen3/mh_depression2.png
ukb-b-8476,ukb-b-6519,Worry,Loneliness,Inverse variance weighted,16,0.470133968,0.0694727,1.31E-11,Network,https://www.morenostok.io/epicons/gen3/social_loneliness.png,https://www.morenostok.io/epicons/gen3/mh_anxiety2.png
ukb-b-8476,ukb-b-5779,Alcohol,Loneliness,Inverse variance weighted,16,0.947985528,0.37637786,0.011778665,Network,https://www.morenostok.io/epicons/gen3/social_loneliness.png,https://www.morenostok.io/epicons/gen3/drinking.png
ukb-b-8476,ieu-a-961,Smoking,Loneliness,Inverse variance weighted,13,2.036511149,5.293965266,0.700470513,Network,https://www.morenostok.io/epicons/gen3/social_loneliness.png,https://www.morenostok.io/epicons/gen3/smoking.png
ukb-b-8476,ieu-a-1239,Education,Loneliness,Inverse variance weighted,16,-0.461041252,0.284483454,0.105097896,Network,https://www.morenostok.io/epicons/gen3/social_loneliness.png,https://www.morenostok.io/epicons/gen3/education_schoolYears.png
ukb-b-8476,ukb-b-19953,BMI,Loneliness,Inverse variance weighted,16,0.41146814,0.40782599,0.313007896,Network,https://www.morenostok.io/epicons/gen3/social_loneliness.png,https://www.morenostok.io/epicons/gen3/bmi.png
ukb-b-8476,ukb-b-5238,Intelligence,Loneliness,Inverse variance weighted,16,0.008477547,0.990764433,0.993172927,Network,https://www.morenostok.io/epicons/gen3/social_loneliness.png,https://www.morenostok.io/epicons/gen3/intelligence.png
ukb-b-8476,ieu-a-1018,Wellbeing,Loneliness,Inverse variance weighted,13,-0.968517014,0.343991577,0.004869755,Network,https://www.morenostok.io/epicons/gen3/social_loneliness.png,https://www.morenostok.io/epicons/gen3/wellbeing2_alt.png
ukb-b-8476,ukb-b-3957,Sleeplessness,Loneliness,Inverse variance weighted,16,0.664395507,0.167244052,7.11E-05,Network,https://www.morenostok.io/epicons/gen3/social_loneliness.png,https://www.morenostok.io/epicons/gen3/sleep_insomnia.png
ukb-b-8476,ukb-b-4956,Eveningness,Loneliness,Inverse variance weighted,16,0.069454976,0.349049774,0.842276031,Network,https://www.morenostok.io/epicons/gen3/social_loneliness.png,https://www.morenostok.io/epicons/gen3/eveningness.png
ukb-b-8476,ukb-b-4710,Exercise,Loneliness,Inverse variance weighted,16,0.041394644,0.329223045,0.899942214,Network,https://www.morenostok.io/epicons/gen3/social_loneliness.png,https://www.morenostok.io/epicons/gen3/exercise_bike.png
ukb-b-8476,ukb-b-5076,Not socialising,Loneliness,Inverse variance weighted,16,0.20747073,0.066160042,0.001713324,Network,https://www.morenostok.io/epicons/gen3/social_loneliness.png,https://www.morenostok.io/epicons/gen3/social_chatBubble.png
ukb-b-8476,ieu-a-118,Neuroticism,Loneliness,Inverse variance weighted,14,1.363748229,0.324734702,2.67E-05,Network,https://www.morenostok.io/epicons/gen3/social_loneliness.png,https://www.morenostok.io/epicons/gen3/mh_ocd2.png
ukb-b-8476,ukb-b-5237,Coffee intake,Loneliness,Inverse variance weighted,16,-0.183493711,0.15381148,0.232877993,Network,https://www.morenostok.io/epicons/gen3/social_loneliness.png,https://www.morenostok.io/epicons/gen3/caffeine.png
ukb-b-8476,ieu-a-7,CHD,Loneliness,Inverse variance weighted,16,0.244906919,0.846535006,0.772347888,Network,https://www.morenostok.io/epicons/gen3/social_loneliness.png,https://www.morenostok.io/epicons/gen3/chd_alt.png
ukb-b-3957,ieu-a-1187,Depression,Sleeplessness,Inverse variance weighted,7,2.872374238,0.283443119,3.91E-24,Network,https://www.morenostok.io/epicons/gen3/sleep_insomnia.png,https://www.morenostok.io/epicons/gen3/mh_depression2.png
ukb-b-3957,ukb-b-6519,Worry,Sleeplessness,Inverse variance weighted,110,0.166134103,0.027607486,1.77E-09,Network,https://www.morenostok.io/epicons/gen3/sleep_insomnia.png,https://www.morenostok.io/epicons/gen3/mh_anxiety2.png
ukb-b-3957,ukb-b-5779,Alcohol,Sleeplessness,Inverse variance weighted,110,0.377664201,0.090776595,3.18E-05,Network,https://www.morenostok.io/epicons/gen3/sleep_insomnia.png,https://www.morenostok.io/epicons/gen3/drinking.png
ukb-b-3957,ieu-a-961,Smoking,Sleeplessness,Inverse variance weighted,81,5.548915175,1.571854108,0.00041529,Network,https://www.morenostok.io/epicons/gen3/sleep_insomnia.png,https://www.morenostok.io/epicons/gen3/smoking.png
ukb-b-3957,ieu-a-1239,Education,Sleeplessness,Inverse variance weighted,109,-0.328204049,0.062818673,1.75E-07,Network,https://www.morenostok.io/epicons/gen3/sleep_insomnia.png,https://www.morenostok.io/epicons/gen3/education_schoolYears.png
ukb-b-3957,ukb-b-19953,BMI,Sleeplessness,Inverse variance weighted,110,0.48919593,0.103594181,2.33E-06,Network,https://www.morenostok.io/epicons/gen3/sleep_insomnia.png,https://www.morenostok.io/epicons/gen3/bmi.png
ukb-b-3957,ukb-b-5238,Intelligence,Sleeplessness,Inverse variance weighted,110,-0.377135518,0.221491863,0.088623106,Network,https://www.morenostok.io/epicons/gen3/sleep_insomnia.png,https://www.morenostok.io/epicons/gen3/intelligence.png
ukb-b-3957,ieu-a-1018,Wellbeing,Sleeplessness,Inverse variance weighted,80,-0.303440544,0.060105618,4.45E-07,Main,https://www.morenostok.io/epicons/gen3/sleep_insomnia.png,https://www.morenostok.io/epicons/gen3/wellbeing2_alt.png
ukb-b-3957,ukb-b-8476,Loneliness,Sleeplessness,Inverse variance weighted,110,0.133718227,0.017097592,5.25E-15,Network,https://www.morenostok.io/epicons/gen3/sleep_insomnia.png,https://www.morenostok.io/epicons/gen3/social_loneliness.png
ukb-b-3957,ukb-b-4956,Eveningness,Sleeplessness,Inverse variance weighted,110,0.239027788,0.066430266,0.000320457,Replication,https://www.morenostok.io/epicons/gen3/sleep_insomnia.png,https://www.morenostok.io/epicons/gen3/eveningness.png
ukb-b-3957,ukb-b-4710,Exercise,Sleeplessness,Inverse variance weighted,110,-0.119509636,0.122359878,0.328714687,Network,https://www.morenostok.io/epicons/gen3/sleep_insomnia.png,https://www.morenostok.io/epicons/gen3/exercise_bike.png
ukb-b-3957,ukb-b-5076,Not socialising,Sleeplessness,Inverse variance weighted,110,0.134443052,0.021277225,2.64E-10,Network,https://www.morenostok.io/epicons/gen3/sleep_insomnia.png,https://www.morenostok.io/epicons/gen3/social_chatBubble.png
ukb-b-3957,ieu-a-118,Neuroticism,Sleeplessness,Inverse variance weighted,95,0.286723654,0.095727263,0.002742522,Network,https://www.morenostok.io/epicons/gen3/sleep_insomnia.png,https://www.morenostok.io/epicons/gen3/mh_ocd2.png
ukb-b-3957,ukb-b-5237,Coffee intake,Sleeplessness,Inverse variance weighted,110,-0.077121548,0.035758213,0.031025102,Network,https://www.morenostok.io/epicons/gen3/sleep_insomnia.png,https://www.morenostok.io/epicons/gen3/caffeine.png
ukb-b-3957,ieu-a-24,Diabetes,Sleeplessness,Inverse variance weighted,5,3.594075992,1.919100548,0.061097125,Network,https://www.morenostok.io/epicons/gen3/sleep_insomnia.png,https://www.morenostok.io/epicons/gen3/diabetes.png
ukb-b-3957,ieu-a-7,CHD,Sleeplessness,Inverse variance weighted,108,0.851103286,0.178729768,1.92E-06,Network,https://www.morenostok.io/epicons/gen3/sleep_insomnia.png,https://www.morenostok.io/epicons/gen3/chd_alt.png
ukb-b-4956,ieu-a-1187,Depression,Eveningness,Inverse variance weighted,4,0.049036542,0.745023014,0.947522066,Network,https://www.morenostok.io/epicons/gen3/eveningness.png,https://www.morenostok.io/epicons/gen3/mh_depression2.png
ukb-b-4956,ukb-b-6519,Worry,Eveningness,Inverse variance weighted,156,-0.00511374,0.010560197,0.628210842,Network,https://www.morenostok.io/epicons/gen3/eveningness.png,https://www.morenostok.io/epicons/gen3/mh_anxiety2.png
ukb-b-4956,ukb-b-5779,Alcohol,Eveningness,Inverse variance weighted,156,-0.078308948,0.035983318,0.029536047,Network,https://www.morenostok.io/epicons/gen3/eveningness.png,https://www.morenostok.io/epicons/gen3/drinking.png
ukb-b-4956,ieu-a-961,Smoking,Eveningness,Inverse variance weighted,112,0.738696084,0.623348251,0.235999429,Network,https://www.morenostok.io/epicons/gen3/eveningness.png,https://www.morenostok.io/epicons/gen3/smoking.png
ukb-b-4956,ieu-a-1239,Education,Eveningness,Inverse variance weighted,151,0.076655367,0.028174406,0.006513504,Network,https://www.morenostok.io/epicons/gen3/eveningness.png,https://www.morenostok.io/epicons/gen3/education_schoolYears.png
ukb-b-4956,ukb-b-19953,BMI,Eveningness,Inverse variance weighted,156,-0.0676172,0.049608528,0.17287758,Network,https://www.morenostok.io/epicons/gen3/eveningness.png,https://www.morenostok.io/epicons/gen3/bmi.png
ukb-b-4956,ukb-b-5238,Intelligence,Eveningness,Inverse variance weighted,156,0.16900195,0.084467079,0.045413669,Network,https://www.morenostok.io/epicons/gen3/eveningness.png,https://www.morenostok.io/epicons/gen3/intelligence.png
ukb-b-4956,ieu-a-1018,Wellbeing,Eveningness,Inverse variance weighted,109,-0.04378244,0.029324902,0.135433959,Replication,https://www.morenostok.io/epicons/gen3/eveningness.png,https://www.morenostok.io/epicons/gen3/wellbeing2_alt.png
ukb-b-4956,ukb-b-8476,Loneliness,Eveningness,Inverse variance weighted,156,0.014310541,0.007006147,0.041095095,Network,https://www.morenostok.io/epicons/gen3/eveningness.png,https://www.morenostok.io/epicons/gen3/social_loneliness.png
ukb-b-4956,ukb-b-3957,Sleeplessness,Eveningness,Inverse variance weighted,156,-0.000863843,0.015165074,0.954574923,Replication,https://www.morenostok.io/epicons/gen3/eveningness.png,https://www.morenostok.io/epicons/gen3/sleep_insomnia.png
ukb-b-4956,ukb-b-4710,Exercise,Eveningness,Inverse variance weighted,156,-0.110797536,0.047947521,0.020843438,Network,https://www.morenostok.io/epicons/gen3/eveningness.png,https://www.morenostok.io/epicons/gen3/exercise_bike.png
ukb-b-4956,ukb-b-5076,Not socialising,Eveningness,Inverse variance weighted,156,-0.004582518,0.008726794,0.599507441,Network,https://www.morenostok.io/epicons/gen3/eveningness.png,https://www.morenostok.io/epicons/gen3/social_chatBubble.png
ukb-b-4956,ieu-a-118,Neuroticism,Eveningness,Inverse variance weighted,131,0.057309474,0.040765721,0.159776067,Network,https://www.morenostok.io/epicons/gen3/eveningness.png,https://www.morenostok.io/epicons/gen3/mh_ocd2.png
ukb-b-4956,ukb-b-5237,Coffee intake,Eveningness,Inverse variance weighted,156,-0.011898919,0.016182809,0.462168128,Network,https://www.morenostok.io/epicons/gen3/eveningness.png,https://www.morenostok.io/epicons/gen3/caffeine.png
ukb-b-4956,ieu-a-24,Diabetes,Eveningness,Inverse variance weighted,6,-1.670646883,1.31208187,0.202918896,Network,https://www.morenostok.io/epicons/gen3/eveningness.png,https://www.morenostok.io/epicons/gen3/diabetes.png
ukb-b-4956,ieu-a-7,CHD,Eveningness,Inverse variance weighted,149,-0.051850239,0.065749498,0.430344188,Network,https://www.morenostok.io/epicons/gen3/eveningness.png,https://www.morenostok.io/epicons/gen3/chd_alt.png
ukb-b-4710,ukb-b-6519,Worry,Exercise,Inverse variance weighted,24,0.073669434,0.017473272,2.49E-05,Network,https://www.morenostok.io/epicons/gen3/exercise_bike.png,https://www.morenostok.io/epicons/gen3/mh_anxiety2.png
ukb-b-4710,ukb-b-5779,Alcohol,Exercise,Inverse variance weighted,24,0.113177767,0.035173878,0.001292385,Network,https://www.morenostok.io/epicons/gen3/exercise_bike.png,https://www.morenostok.io/epicons/gen3/drinking.png
ukb-b-4710,ieu-a-961,Smoking,Exercise,Inverse variance weighted,13,-0.42602713,0.7954888,0.592266896,Network,https://www.morenostok.io/epicons/gen3/exercise_bike.png,https://www.morenostok.io/epicons/gen3/smoking.png
ukb-b-4710,ieu-a-1239,Education,Exercise,Inverse variance weighted,15,-0.101739153,0.058491062,0.081965033,Network,https://www.morenostok.io/epicons/gen3/exercise_bike.png,https://www.morenostok.io/epicons/gen3/education_schoolYears.png
ukb-b-4710,ukb-b-19953,BMI,Exercise,Inverse variance weighted,24,-0.181504929,0.040231672,6.44E-06,Network,https://www.morenostok.io/epicons/gen3/exercise_bike.png,https://www.morenostok.io/epicons/gen3/bmi.png
ukb-b-4710,ukb-b-5238,Intelligence,Exercise,Inverse variance weighted,24,-0.87345342,0.116883954,7.85E-14,Network,https://www.morenostok.io/epicons/gen3/exercise_bike.png,https://www.morenostok.io/epicons/gen3/intelligence.png
ukb-b-4710,ieu-a-1018,Wellbeing,Exercise,Inverse variance weighted,11,-0.026679522,0.033995352,0.432571353,Network,https://www.morenostok.io/epicons/gen3/exercise_bike.png,https://www.morenostok.io/epicons/gen3/wellbeing2_alt.png
ukb-b-4710,ukb-b-8476,Loneliness,Exercise,Inverse variance weighted,24,0.032015746,0.007552731,2.25E-05,Network,https://www.morenostok.io/epicons/gen3/exercise_bike.png,https://www.morenostok.io/epicons/gen3/social_loneliness.png
ukb-b-4710,ukb-b-3957,Sleeplessness,Exercise,Inverse variance weighted,24,-0.038670567,0.019079004,0.04267621,Network,https://www.morenostok.io/epicons/gen3/exercise_bike.png,https://www.morenostok.io/epicons/gen3/sleep_insomnia.png
ukb-b-4710,ukb-b-4956,Eveningness,Exercise,Inverse variance weighted,24,-0.006503351,0.038312795,0.865211796,Network,https://www.morenostok.io/epicons/gen3/exercise_bike.png,https://www.morenostok.io/epicons/gen3/eveningness.png
ukb-b-4710,ukb-b-5076,Not socialising,Exercise,Inverse variance weighted,24,0.005321142,0.010750278,0.62061621,Network,https://www.morenostok.io/epicons/gen3/exercise_bike.png,https://www.morenostok.io/epicons/gen3/social_chatBubble.png
ukb-b-4710,ieu-a-118,Neuroticism,Exercise,Inverse variance weighted,15,0.013741693,0.065970831,0.8349951,Network,https://www.morenostok.io/epicons/gen3/exercise_bike.png,https://www.morenostok.io/epicons/gen3/mh_ocd2.png
ukb-b-4710,ukb-b-5237,Coffee intake,Exercise,Inverse variance weighted,24,-0.106484122,0.020007147,1.02E-07,Network,https://www.morenostok.io/epicons/gen3/exercise_bike.png,https://www.morenostok.io/epicons/gen3/caffeine.png
ukb-b-4710,ieu-a-24,Diabetes,Exercise,Wald ratio,1,-0.242710575,0.399102553,0.543094045,Network,https://www.morenostok.io/epicons/gen3/exercise_bike.png,https://www.morenostok.io/epicons/gen3/diabetes.png
ukb-b-4710,ieu-a-7,CHD,Exercise,Inverse variance weighted,15,0.115913294,0.157345371,0.461316561,Network,https://www.morenostok.io/epicons/gen3/exercise_bike.png,https://www.morenostok.io/epicons/gen3/chd_alt.png
ukb-b-5076,ieu-a-1187,Depression,Not socialising,Wald ratio,1,-5.610728877,0.898535204,4.26E-10,Network,https://www.morenostok.io/epicons/gen3/social_chatBubble.png,https://www.morenostok.io/epicons/gen3/mh_depression2.png
ukb-b-5076,ukb-b-6519,Worry,Not socialising,Inverse variance weighted,10,0.010560476,0.098225717,0.914382544,Network,https://www.morenostok.io/epicons/gen3/social_chatBubble.png,https://www.morenostok.io/epicons/gen3/mh_anxiety2.png
ukb-b-5076,ukb-b-5779,Alcohol,Not socialising,Inverse variance weighted,10,1.998769904,0.370130936,6.66E-08,Network,https://www.morenostok.io/epicons/gen3/social_chatBubble.png,https://www.morenostok.io/epicons/gen3/drinking.png
ukb-b-5076,ieu-a-961,Smoking,Not socialising,Inverse variance weighted,9,7.558387602,5.432777123,0.164147597,Network,https://www.morenostok.io/epicons/gen3/social_chatBubble.png,https://www.morenostok.io/epicons/gen3/smoking.png
ukb-b-5076,ieu-a-1239,Education,Not socialising,Inverse variance weighted,10,-2.074179683,0.340962329,1.18E-09,Network,https://www.morenostok.io/epicons/gen3/social_chatBubble.png,https://www.morenostok.io/epicons/gen3/education_schoolYears.png
ukb-b-5076,ukb-b-19953,BMI,Not socialising,Inverse variance weighted,10,1.191677063,0.415499342,0.004129971,Network,https://www.morenostok.io/epicons/gen3/social_chatBubble.png,https://www.morenostok.io/epicons/gen3/bmi.png
ukb-b-5076,ukb-b-5238,Intelligence,Not socialising,Inverse variance weighted,10,-4.365432904,1.064621415,4.12E-05,Network,https://www.morenostok.io/epicons/gen3/social_chatBubble.png,https://www.morenostok.io/epicons/gen3/intelligence.png
ukb-b-5076,ieu-a-1018,Wellbeing,Not socialising,Inverse variance weighted,9,-0.190800404,0.191677597,0.319530283,Network,https://www.morenostok.io/epicons/gen3/social_chatBubble.png,https://www.morenostok.io/epicons/gen3/wellbeing2_alt.png
ukb-b-5076,ukb-b-8476,Loneliness,Not socialising,Inverse variance weighted,10,0.248087175,0.053115656,3.00E-06,Network,https://www.morenostok.io/epicons/gen3/social_chatBubble.png,https://www.morenostok.io/epicons/gen3/social_loneliness.png
ukb-b-5076,ukb-b-3957,Sleeplessness,Not socialising,Inverse variance weighted,10,0.31926463,0.214442918,0.136537569,Network,https://www.morenostok.io/epicons/gen3/social_chatBubble.png,https://www.morenostok.io/epicons/gen3/sleep_insomnia.png
ukb-b-5076,ukb-b-4956,Eveningness,Not socialising,Inverse variance weighted,10,-0.075144918,0.218387736,0.730779009,Network,https://www.morenostok.io/epicons/gen3/social_chatBubble.png,https://www.morenostok.io/epicons/gen3/eveningness.png
ukb-b-5076,ukb-b-4710,Exercise,Not socialising,Inverse variance weighted,10,0.688329046,0.598204516,0.2498728,Network,https://www.morenostok.io/epicons/gen3/social_chatBubble.png,https://www.morenostok.io/epicons/gen3/exercise_bike.png
ukb-b-5076,ieu-a-118,Neuroticism,Not socialising,Inverse variance weighted,9,0.19400353,0.488990222,0.691556863,Network,https://www.morenostok.io/epicons/gen3/social_chatBubble.png,https://www.morenostok.io/epicons/gen3/mh_ocd2.png
ukb-b-5076,ukb-b-5237,Coffee intake,Not socialising,Inverse variance weighted,10,-0.252150286,0.215333585,0.241608748,Network,https://www.morenostok.io/epicons/gen3/social_chatBubble.png,https://www.morenostok.io/epicons/gen3/caffeine.png
ukb-b-5076,ieu-a-7,CHD,Not socialising,Inverse variance weighted,10,1.473373084,0.720706582,0.040919451,Network,https://www.morenostok.io/epicons/gen3/social_chatBubble.png,https://www.morenostok.io/epicons/gen3/chd_alt.png
ieu-a-118,ukb-b-6519,Worry,Neuroticism,Wald ratio,1,0.06293201,0.032456079,0.052502569,Network,https://www.morenostok.io/epicons/gen3/mh_ocd2.png,https://www.morenostok.io/epicons/gen3/mh_anxiety2.png
ieu-a-118,ukb-b-5779,Alcohol,Neuroticism,Wald ratio,1,0.030374194,0.095805459,0.751213007,Network,https://www.morenostok.io/epicons/gen3/mh_ocd2.png,https://www.morenostok.io/epicons/gen3/drinking.png
ieu-a-118,ieu-a-1239,Education,Neuroticism,Wald ratio,1,-0.145409429,0.054094293,0.00718656,Network,https://www.morenostok.io/epicons/gen3/mh_ocd2.png,https://www.morenostok.io/epicons/gen3/education_schoolYears.png
ieu-a-118,ukb-b-19953,BMI,Neuroticism,Wald ratio,1,0.090065261,0.062466005,0.149350786,Network,https://www.morenostok.io/epicons/gen3/mh_ocd2.png,https://www.morenostok.io/epicons/gen3/bmi.png
ieu-a-118,ukb-b-5238,Intelligence,Neuroticism,Wald ratio,1,-0.378076923,0.238859305,0.113457116,Network,https://www.morenostok.io/epicons/gen3/mh_ocd2.png,https://www.morenostok.io/epicons/gen3/intelligence.png
ieu-a-118,ukb-b-8476,Loneliness,Neuroticism,Wald ratio,1,0.034381638,0.02542928,0.176359583,Network,https://www.morenostok.io/epicons/gen3/mh_ocd2.png,https://www.morenostok.io/epicons/gen3/social_loneliness.png
ieu-a-118,ukb-b-3957,Sleeplessness,Neuroticism,Wald ratio,1,0.035864268,0.046988337,0.445308993,Network,https://www.morenostok.io/epicons/gen3/mh_ocd2.png,https://www.morenostok.io/epicons/gen3/sleep_insomnia.png
ieu-a-118,ukb-b-4956,Eveningness,Neuroticism,Wald ratio,1,0.012055881,0.064334491,0.851351931,Network,https://www.morenostok.io/epicons/gen3/mh_ocd2.png,https://www.morenostok.io/epicons/gen3/eveningness.png
ieu-a-118,ukb-b-4710,Exercise,Neuroticism,Wald ratio,1,-0.242590571,0.157340199,0.123116868,Network,https://www.morenostok.io/epicons/gen3/mh_ocd2.png,https://www.morenostok.io/epicons/gen3/exercise_bike.png
ieu-a-118,ukb-b-5076,Not socialising,Neuroticism,Wald ratio,1,0.054816625,0.030271464,0.070166403,Network,https://www.morenostok.io/epicons/gen3/mh_ocd2.png,https://www.morenostok.io/epicons/gen3/social_chatBubble.png
ieu-a-118,ukb-b-5237,Coffee intake,Neuroticism,Wald ratio,1,-0.048411911,0.051066253,0.343118461,Network,https://www.morenostok.io/epicons/gen3/mh_ocd2.png,https://www.morenostok.io/epicons/gen3/caffeine.png
ieu-a-118,ieu-a-7,CHD,Neuroticism,Wald ratio,1,0.063200993,0.326260546,0.846400412,Network,https://www.morenostok.io/epicons/gen3/mh_ocd2.png,https://www.morenostok.io/epicons/gen3/chd_alt.png
ukb-b-5237,ieu-a-1187,Depression,Coffee intake,Inverse variance weighted,3,0.62650392,1.116901107,0.574844903,Network,https://www.morenostok.io/epicons/gen3/caffeine.png,https://www.morenostok.io/epicons/gen3/mh_depression2.png
ukb-b-5237,ukb-b-6519,Worry,Coffee intake,Inverse variance weighted,39,-0.045662388,0.024588244,0.063299473,Network,https://www.morenostok.io/epicons/gen3/caffeine.png,https://www.morenostok.io/epicons/gen3/mh_anxiety2.png
ukb-b-5237,ukb-b-5779,Alcohol,Coffee intake,Inverse variance weighted,39,-0.226609211,0.136372041,0.09657325,Network,https://www.morenostok.io/epicons/gen3/caffeine.png,https://www.morenostok.io/epicons/gen3/drinking.png
ukb-b-5237,ieu-a-961,Smoking,Coffee intake,Inverse variance weighted,32,0.08291512,1.208417071,0.945296354,Network,https://www.morenostok.io/epicons/gen3/caffeine.png,https://www.morenostok.io/epicons/gen3/smoking.png
ukb-b-5237,ieu-a-1239,Education,Coffee intake,Inverse variance weighted,37,0.129772257,0.0689698,0.059892945,Network,https://www.morenostok.io/epicons/gen3/caffeine.png,https://www.morenostok.io/epicons/gen3/education_schoolYears.png
ukb-b-5237,ukb-b-19953,BMI,Coffee intake,Inverse variance weighted,39,0.72378969,0.17726036,4.44E-05,Network,https://www.morenostok.io/epicons/gen3/caffeine.png,https://www.morenostok.io/epicons/gen3/bmi.png
ukb-b-5237,ukb-b-5238,Intelligence,Coffee intake,Inverse variance weighted,39,0.559427834,0.221955943,0.011720642,Network,https://www.morenostok.io/epicons/gen3/caffeine.png,https://www.morenostok.io/epicons/gen3/intelligence.png
ukb-b-5237,ieu-a-1018,Wellbeing,Coffee intake,Inverse variance weighted,30,-0.0192213,0.069268276,0.781403373,Network,https://www.morenostok.io/epicons/gen3/caffeine.png,https://www.morenostok.io/epicons/gen3/wellbeing2_alt.png
ukb-b-5237,ukb-b-8476,Loneliness,Coffee intake,Inverse variance weighted,39,-0.004738651,0.01568758,0.762603369,Network,https://www.morenostok.io/epicons/gen3/caffeine.png,https://www.morenostok.io/epicons/gen3/social_loneliness.png
ukb-b-5237,ukb-b-3957,Sleeplessness,Coffee intake,Inverse variance weighted,39,0.003492717,0.029101299,0.904467876,Network,https://www.morenostok.io/epicons/gen3/caffeine.png,https://www.morenostok.io/epicons/gen3/sleep_insomnia.png
ukb-b-5237,ukb-b-4956,Eveningness,Coffee intake,Inverse variance weighted,39,0.033483681,0.065497046,0.609194009,Network,https://www.morenostok.io/epicons/gen3/caffeine.png,https://www.morenostok.io/epicons/gen3/eveningness.png
ukb-b-5237,ukb-b-4710,Exercise,Coffee intake,Inverse variance weighted,39,-0.369351482,0.088147252,2.79E-05,Network,https://www.morenostok.io/epicons/gen3/caffeine.png,https://www.morenostok.io/epicons/gen3/exercise_bike.png
ukb-b-5237,ukb-b-5076,Not socialising,Coffee intake,Inverse variance weighted,39,0.005797179,0.019024629,0.760579655,Network,https://www.morenostok.io/epicons/gen3/caffeine.png,https://www.morenostok.io/epicons/gen3/social_chatBubble.png
ukb-b-5237,ieu-a-118,Neuroticism,Coffee intake,Inverse variance weighted,32,-0.120894873,0.089341919,0.176001082,Network,https://www.morenostok.io/epicons/gen3/caffeine.png,https://www.morenostok.io/epicons/gen3/mh_ocd2.png
ukb-b-5237,ieu-a-24,Diabetes,Coffee intake,Inverse variance weighted,8,1.657393421,0.884228228,0.060875932,Network,https://www.morenostok.io/epicons/gen3/caffeine.png,https://www.morenostok.io/epicons/gen3/diabetes.png
ukb-b-5237,ieu-a-7,CHD,Coffee intake,Inverse variance weighted,37,0.491684554,0.150880466,0.001118968,Network,https://www.morenostok.io/epicons/gen3/caffeine.png,https://www.morenostok.io/epicons/gen3/chd_alt.png
ieu-a-24,ukb-b-6519,Worry,Diabetes,Inverse variance weighted,36,-0.003075362,0.002703795,0.255360997,Network,https://www.morenostok.io/epicons/gen3/diabetes.png,https://www.morenostok.io/epicons/gen3/mh_anxiety2.png
ieu-a-24,ukb-b-5779,Alcohol,Diabetes,Inverse variance weighted,36,0.027694527,0.010627622,0.009163303,Network,https://www.morenostok.io/epicons/gen3/diabetes.png,https://www.morenostok.io/epicons/gen3/drinking.png
ieu-a-24,ieu-a-961,Smoking,Diabetes,Inverse variance weighted,35,0.022582729,0.142991518,0.874511523,Network,https://www.morenostok.io/epicons/gen3/diabetes.png,https://www.morenostok.io/epicons/gen3/smoking.png
ieu-a-24,ieu-a-1239,Education,Diabetes,Inverse variance weighted,36,-0.00248328,0.005076629,0.624728987,Network,https://www.morenostok.io/epicons/gen3/diabetes.png,https://www.morenostok.io/epicons/gen3/education_schoolYears.png
ieu-a-24,ukb-b-19953,BMI,Diabetes,Inverse variance weighted,36,0.000834285,0.025391337,0.973788565,Network,https://www.morenostok.io/epicons/gen3/diabetes.png,https://www.morenostok.io/epicons/gen3/bmi.png
ieu-a-24,ukb-b-5238,Intelligence,Diabetes,Inverse variance weighted,36,0.011461462,0.018871056,0.543614226,Network,https://www.morenostok.io/epicons/gen3/diabetes.png,https://www.morenostok.io/epicons/gen3/intelligence.png
ieu-a-24,ieu-a-1018,Wellbeing,Diabetes,Inverse variance weighted,35,-0.000184071,0.006860909,0.978596158,Network,https://www.morenostok.io/epicons/gen3/diabetes.png,https://www.morenostok.io/epicons/gen3/wellbeing2_alt.png
ieu-a-24,ukb-b-8476,Loneliness,Diabetes,Inverse variance weighted,36,-0.001086638,0.001581146,0.491926966,Network,https://www.morenostok.io/epicons/gen3/diabetes.png,https://www.morenostok.io/epicons/gen3/social_loneliness.png
ieu-a-24,ukb-b-3957,Sleeplessness,Diabetes,Inverse variance weighted,36,0.002303326,0.003460946,0.505718397,Network,https://www.morenostok.io/epicons/gen3/diabetes.png,https://www.morenostok.io/epicons/gen3/sleep_insomnia.png
ieu-a-24,ukb-b-4956,Eveningness,Diabetes,Inverse variance weighted,36,-0.018671168,0.007144108,0.008961854,Network,https://www.morenostok.io/epicons/gen3/diabetes.png,https://www.morenostok.io/epicons/gen3/eveningness.png
ieu-a-24,ukb-b-4710,Exercise,Diabetes,Inverse variance weighted,36,-0.00262364,0.00962377,0.785144723,Network,https://www.morenostok.io/epicons/gen3/diabetes.png,https://www.morenostok.io/epicons/gen3/exercise_bike.png
ieu-a-24,ukb-b-5076,Not socialising,Diabetes,Inverse variance weighted,36,0.00331342,0.002166584,0.12618295,Network,https://www.morenostok.io/epicons/gen3/diabetes.png,https://www.morenostok.io/epicons/gen3/social_chatBubble.png
ieu-a-24,ieu-a-118,Neuroticism,Diabetes,Inverse variance weighted,36,-0.006191758,0.011069739,0.575929085,Network,https://www.morenostok.io/epicons/gen3/diabetes.png,https://www.morenostok.io/epicons/gen3/mh_ocd2.png
ieu-a-24,ukb-b-5237,Coffee intake,Diabetes,Inverse variance weighted,36,0.000724422,0.007771953,0.92573688,Network,https://www.morenostok.io/epicons/gen3/diabetes.png,https://www.morenostok.io/epicons/gen3/caffeine.png
ieu-a-24,ieu-a-7,CHD,Diabetes,Inverse variance weighted,36,0.107395794,0.027472875,9.26E-05,Network,https://www.morenostok.io/epicons/gen3/diabetes.png,https://www.morenostok.io/epicons/gen3/chd_alt.png
ieu-a-7,ieu-a-1187,Depression,CHD,Wald ratio,1,-0.230359566,0.087481254,0.008457334,Network,https://www.morenostok.io/epicons/gen3/chd_alt.png,https://www.morenostok.io/epicons/gen3/mh_depression2.png
ieu-a-7,ukb-b-6519,Worry,CHD,Inverse variance weighted,39,0.000833819,0.003907903,0.831040451,Network,https://www.morenostok.io/epicons/gen3/chd_alt.png,https://www.morenostok.io/epicons/gen3/mh_anxiety2.png
ieu-a-7,ukb-b-5779,Alcohol,CHD,Inverse variance weighted,39,-0.022342696,0.012227832,0.067669698,Network,https://www.morenostok.io/epicons/gen3/chd_alt.png,https://www.morenostok.io/epicons/gen3/drinking.png
ieu-a-7,ieu-a-961,Smoking,CHD,Inverse variance weighted,32,-0.252656351,0.226339171,0.264305208,Network,https://www.morenostok.io/epicons/gen3/chd_alt.png,https://www.morenostok.io/epicons/gen3/smoking.png
ieu-a-7,ieu-a-1239,Education,CHD,Inverse variance weighted,39,0.002150337,0.005287565,0.684244395,Network,https://www.morenostok.io/epicons/gen3/chd_alt.png,https://www.morenostok.io/epicons/gen3/education_schoolYears.png
ieu-a-7,ukb-b-19953,BMI,CHD,Inverse variance weighted,39,-0.013446705,0.019213413,0.484014561,Network,https://www.morenostok.io/epicons/gen3/chd_alt.png,https://www.morenostok.io/epicons/gen3/bmi.png
ieu-a-7,ukb-b-5238,Intelligence,CHD,Inverse variance weighted,39,0.000117314,0.0192484,0.995137126,Network,https://www.morenostok.io/epicons/gen3/chd_alt.png,https://www.morenostok.io/epicons/gen3/intelligence.png
ieu-a-7,ieu-a-1018,Wellbeing,CHD,Inverse variance weighted,31,-0.000137281,0.008610675,0.987279726,Network,https://www.morenostok.io/epicons/gen3/chd_alt.png,https://www.morenostok.io/epicons/gen3/wellbeing2_alt.png
ieu-a-7,ukb-b-8476,Loneliness,CHD,Inverse variance weighted,39,-9.62E-05,0.002209393,0.965281933,Network,https://www.morenostok.io/epicons/gen3/chd_alt.png,https://www.morenostok.io/epicons/gen3/social_loneliness.png
ieu-a-7,ukb-b-3957,Sleeplessness,CHD,Inverse variance weighted,39,-0.001118376,0.005630699,0.842559034,Network,https://www.morenostok.io/epicons/gen3/chd_alt.png,https://www.morenostok.io/epicons/gen3/sleep_insomnia.png
ieu-a-7,ukb-b-4956,Eveningness,CHD,Inverse variance weighted,39,-0.009543663,0.005591697,0.087867386,Network,https://www.morenostok.io/epicons/gen3/chd_alt.png,https://www.morenostok.io/epicons/gen3/eveningness.png
ieu-a-7,ukb-b-4710,Exercise,CHD,Inverse variance weighted,39,-0.022288832,0.016536444,0.177703012,Network,https://www.morenostok.io/epicons/gen3/chd_alt.png,https://www.morenostok.io/epicons/gen3/exercise_bike.png
ieu-a-7,ukb-b-5076,Not socialising,CHD,Inverse variance weighted,39,-0.000382277,0.002318467,0.86903557,Network,https://www.morenostok.io/epicons/gen3/chd_alt.png,https://www.morenostok.io/epicons/gen3/social_chatBubble.png
ieu-a-7,ieu-a-118,Neuroticism,CHD,Inverse variance weighted,36,0.008990643,0.012462002,0.470636073,Network,https://www.morenostok.io/epicons/gen3/chd_alt.png,https://www.morenostok.io/epicons/gen3/mh_ocd2.png
ieu-a-7,ukb-b-5237,Coffee intake,CHD,Inverse variance weighted,39,-0.000991587,0.006422525,0.877300653,Network,https://www.morenostok.io/epicons/gen3/chd_alt.png,https://www.morenostok.io/epicons/gen3/caffeine.png
ieu-a-7,ieu-a-24,Diabetes,CHD,Inverse variance weighted,19,0.054311728,0.077685077,0.484472719,Network,https://www.morenostok.io/epicons/gen3/chd_alt.png,https://www.morenostok.io/epicons/gen3/diabetes.png
